om_situadaEnBarrio;om_nombreVia;om_longitudVia;om_tipoVia;om_tieneCodigoVia
30;Paris;453.63;Avda;3497
46;De La Universidad;2606.91;Avda;3425
29;Ruta De La Plata;1735.05;Avda;1901
30;Ruta De La Plata;1735.05;Avda;1901
30;Virgen De Guadalupe;1035.6;Avda;537
29;De Las Arenas;3072.87;Avda;4143
30;De Las Arenas;3072.87;Avda;4143
77;Pozo De La Esmeralda;580.11;Calle;3765
29;Doñana;428.11;Calle;3605
30;Oporto;162.56;Calle;3442
30;Florencia;214.95;Calle;3448
30;Colonia;156.17;Calle;3451
77;Cornalvo;69.46;Calle;3597
29;Cazorla;27.95;Calle;3602
46;Puente Vadillo;1229.52;Ronda;398
30;Londres;598.21;Calle;3446
29;Monfragüe;326.36;Calle;3598
77;Sierra De San Pedro;166.28;Calle;3766
77;Los Barruecos;73.71;Calle;3769
77;Comarca De Granadilla;75.27;Calle;3770
77;Comarca De Tentudia;64.8;Calle;3771
77;Comarca De La Serena;69.58;Calle;3772
77;Mina De La Jayona;67.78;Calle;3773
77;Proserpina;74.31;Calle;3774
30;Coimbra;204.43;Calle;3443
30;Berlin;192.55;Calle;3449
30;Pisa;294.36;Calle;3450
30;Roma;294.02;Calle;3452
29;Picos De Europa;211.88;Calle;3600
46;Norte;6038.99;Ronda;4022
30;Del Ferrocarril;2018.61;Avda;4142
29;Ordesa;157.49;Calle;3601
29;Gredos;268.79;Calle;3604
77;Llanos De Caceres;550.39;Calle;3767
77;Sierra De La Mosca;60.24;Calle;3768
30;De Andalucia;402;Plaza;4005
46;Arroyo De Valhondo;606.61;Calle;3983
29;Viviendas De Camineros;120.14;Calle;2387
46;De Trujillo;23167.83;Ctra;514
77;De Badajoz;37052.48;Ctra;4006
30;Amberes;516.14;Calle;3445
29;Del Ferrocarril;2018.61;Avda;4142
